Post_Code,Post_URL,Post_Date,Username_KOL,Followers,KOL_Tier,Is_Endorse,Likes,Comments,Shares,Views,LVR,CVR,SVR,ER
post_1,https://www.tiktok.com/@mimaoo__/video/7553881019519307016?is_from_webapp=1&sender_device=pc&web_id=7562970971139180052,25/09/2025,mimaoo__,1.353,Nano,Endorse,45,3,0,471,"0,096","0,006","0,000","0,102"
post_2,https://www.tiktok.com/@mimaoo__/video/7552552416852348161?is_from_webapp=1&sender_device=pc&web_id=7562970971139180052,21/09/2025,mimaoo__,1.353,Nano,Endorse,41,1,0,325,"0,126","0,003","0,000","0,129"
post_3,https://www.tiktok.com/@mimaoo__/photo/7552384073231043841?is_from_webapp=1&sender_device=pc&web_id=7562970971139180052,21/09/2025,mimaoo__,1.353,Nano,Endorse,28,2,0,854,"0,033","0,002","0,000","0,035"
post_4,https://www.tiktok.com/@mimaoo__/video/7544380199152946452?is_from_webapp=1&sender_device=pc&web_id=7562970971139180052,30/08/2025,mimaoo__,1.353,Nano,Not Endorse,69,3,0,576,"0,120","0,005","0,000","0,125"
post_5,https://www.tiktok.com/@mimaoo__/video/7555859748688563476?is_from_webapp=1&sender_device=pc&web_id=7562970971139180052,30/09/2025,mimaoo__,1.353,Nano,Not Endorse,46,1,1,413,"0,111","0,002","0,002","0,116"
post_6,https://www.tiktok.com/@mimaoo__/video/7530555479555198216?is_from_webapp=1&sender_device=pc&web_id=7562970971139180052,24/07/2025,mimaoo__,1.353,Nano,Not Endorse,89,9,2,659,"0,135","0,014","0,003","0,152"
post_7,https://www.tiktok.com/@mamah_freddy/video/7546221462953151800?is_from_webapp=1&sender_device=pc&web_id=7562970971139180052,04/09/2025,mamah_freddy,44.300,Micro,Endorse,47,4,1,2300000,"0,000","0,000","0,000","0,000"
post_8,https://www.tiktok.com/@mamah_freddy/video/7554182113629605176?is_from_webapp=1&sender_device=pc&web_id=7562970971139180052,26/09/2025,mamah_freddy,44.300,Micro,Endorse,47,4,1,12800,"0,004","0,000","0,000","0,004"
post_9,https://www.tiktok.com/@mamah_freddy/video/7553212063523278092?is_from_webapp=1&sender_device=pc&web_id=7562970971139180052,23/09/2025,mamah_freddy,44.300,Micro,Endorse,537,11,39,121300,"0,004","0,000","0,000","0,005"
post_10,https://www.tiktok.com/@mamah_freddy/video/7554910843268271416?is_from_webapp=1&sender_device=pc&web_id=7562970971139180052,28/09/2025,mamah_freddy,44.300,Micro,Not Endorse,20,1,2,270,"0,074","0,004","0,007","0,085"
post_11,https://www.tiktok.com/@mamah_freddy/photo/7550929259578117381?is_from_webapp=1&sender_device=pc&web_id=7562970971139180052,17/09/2025,mamah_freddy,44.300,Micro,Not Endorse,29,2,0,849,"0,034","0,002","0,000","0,037"
post_12,https://vt.tiktok.com/ZSyhE9DEP/,16/09/2025,mamah_freddy,44.300,Micro,Not Endorse,33,4,2,419,"0,079","0,010","0,005","0,093"
post_13,https://www.tiktok.com/@aneishamira/video/7551010063922515205?is_from_webapp=1&sender_device=pc&web_id=7562970971139180052,17/09/2025,aneishamira,101.100,Midi,Endorse,66000,338,3935,9200000,"0,007","0,000","0,000","0,008"
post_14,https://www.tiktok.com/@aneishamira/video/7550272944023424312?is_from_webapp=1&sender_device=pc&web_id=7562970971139180052,15/09/2025,aneishamira,101.100,Midi,Not Endorse,4399,14,157,37200,"0,118","0,000","0,004","0,123"
post_15,https://www.tiktok.com/@aneishamira/video/7556536953668160824?is_from_webapp=1&sender_device=pc&web_id=7562970971139180052,02/10/2025,aneishamira,101.100,Midi,Endorse,269,0,6,11700,"0,023","0,000","0,001","0,024"
post_16,https://www.tiktok.com/@aneishamira/video/7523839599810989368?is_from_webapp=1&sender_device=pc&web_id=7562970971139180052,06/07/2025,aneishamira,101.100,Midi,Endorse,156,3,14,8160,"0,019","0,000","0,002","0,021"
post_17,https://www.tiktok.com/@aneishamira/video/7554363721972305208?is_from_webapp=1&sender_device=pc&web_id=7562970971139180052,26/09/2025,aneishamira,101.100,Midi,Not Endorse,2327,6,136,22500,"0,103","0,000","0,006","0,110"
post_18,https://www.tiktok.com/@aneishamira/video/7549159482463440133?is_from_webapp=1&sender_device=pc&web_id=7562970971139180052,12/09/2025,aneishamira,101.100,Midi,Not Endorse,6296,27,254,99900,"0,063","0,000","0,003","0,066"
post_19,https://www.tiktok.com/@finaziia/video/7555449179007487239?is_from_webapp=1&sender_device=pc&web_id=7562970971139180052,29/09/2025,finaziia,742.500,Macro,Endorse,2135,36,46,155400,"0,014","0,000","0,000","0,014"
post_20,https://www.tiktok.com/@finaziia/video/7534670600153926930?is_from_webapp=1&sender_device=pc&web_id=7562970971139180052,04/08/2025,finaziia,742.500,Macro,Endorse,2868,40,83,150400,"0,019","0,000","0,001","0,020"
post_21,https://www.tiktok.com/@finaziia/video/7546898474017557778?is_from_webapp=1&sender_device=pc&web_id=7562970971139180052,06/09/2025,finaziia,742.500,Macro,Not Endorse,131200,389,3800,2100000,"0,062","0,000","0,002","0,064"
post_22,https://www.tiktok.com/@finaziia/video/7546184163401944327?is_from_webapp=1&sender_device=pc&web_id=7562970971139180052,04/09/2025,finaziia,742.500,Macro,Not Endorse,43700,73,158,558200,"0,078","0,000","0,000","0,079"
post_23,https://www.tiktok.com/@finaziia/video/7526142255409745160?is_from_webapp=1&sender_device=pc&web_id=7562970971139180052,12/07/2025,finaziia,742.500,Macro,Endorse,6968,60,280,231500,"0,030","0,000","0,001","0,032"
post_24,https://www.tiktok.com/@finaziia/video/7552096183527722248?is_from_webapp=1&sender_device=pc&web_id=7562970971139180052,20/09/2025,finaziia,742.500,Macro,Not Endorse,191100,208,1518,1800000,"0,106","0,000","0,001","0,107"
post_25,https://www.tiktok.com/@sabarglowup/video/7549792296242400517?is_from_webapp=1&sender_device=pc&web_id=7566303296538215956,14/09/2025,sabarglowup,3.800.000.000,Mega,Endorse,8889,141,69,347400,"0,026","0,000","0,000","0,026"
post_26,https://www.tiktok.com/@sabarglowup/video/7558044760552901895?is_from_webapp=1&sender_device=pc,04/10/2025,sabarglowup,3.800.000.000,Mega,Endorse,2202,103,32,238600,"0,009","0,000","0,000","0,010"
post_27,https://vt.tiktok.com/ZSydHbfd9/,08/09/2025,sabarglowup,3.800.000.000,Mega,Endorse,1634,75,33,233900,"0,007","0,000","0,000","0,007"
post_28,https://www.tiktok.com/@sabarglowup/video/7558897997539577106?is_from_webapp=1&sender_device=pc&web_id=7566303296538215956,09/10/2025,sabarglowup,3.800.000.000,Mega,Not Endorse,358800,4298,5359,7900000,"0,045","0,001","0,001","0,047"
post_29,https://www.tiktok.com/@sabarglowup/video/7551837117974908216?is_from_webapp=1&sender_device=pc&web_id=7566303296538215956,19/09/2025,sabarglowup,3.800.000.000,Mega,Not Endorse,116700,293,690,2400000,"0,049","0,000","0,000","0,049"
post_30,https://www.tiktok.com/@sabarglowup/video/7549882909633645880?is_from_webapp=1&sender_device=pc&web_id=7566303296538215956,14/09/2025,sabarglowup,3.800.000.000,Mega,Not Endorse,701800,2860,7716,20900000,"0,034","0,000","0,000","0,034"
post_31,https://www.tiktok.com/@artyasm/video/7538044387889040658?is_from_webapp=1&sender_device=pc&web_id=7566303296538215956,13/08/2025,artyasm,1.518,Nano,Endorse,555,28,52,272400,"0,002","0,000","0,000","0,002"
post_32,https://www.tiktok.com/@artyasm/video/7555002113106005256?is_from_webapp=1&sender_device=pc&web_id=7566303296538215956,28/09/2025,artyasm,1.518,Nano,Not Endorse,37,2,3,446,"0,083","0,004","0,007","0,094"
post_33,https://www.tiktok.com/@artyasm/video/7543652498888871176?is_from_webapp=1&sender_device=pc&web_id=7566303296538215956,28/08/2025,artyasm,1.518,Nano,Not Endorse,26,2,4,314,"0,083","0,006","0,013","0,102"
post_34,https://www.tiktok.com/@artyasm/video/7540645898670312722?is_from_webapp=1&sender_device=pc&web_id=7566303296538215956,20/08/2025,artyasm,1.518,Nano,Endorse,11,0,6,319,"0,034","0,000","0,019","0,053"
post_35,https://www.tiktok.com/@artyasm/video/7536130164871154962?is_from_webapp=1&sender_device=pc&web_id=7566303296538215956,08/08/2025,artyasm,1.518,Nano,Endorse,13,0,6,479,"0,027","0,000","0,013","0,040"
post_36,https://www.tiktok.com/@artyasm/video/7535458870538276103?is_from_webapp=1&sender_device=pc&web_id=7566303296538215956,06/08/2025,artyasm,1.518,Nano,Not Endorse,43,8,6,404,"0,106","0,020","0,015","0,141"
post_37,https://www.tiktok.com/@rfdahhr_/video/7561735776686492949?is_from_webapp=1&sender_device=pc&web_id=7566303296538215956,16/10/2025,rfdahh_,26.800,Micro,Not Endorse,135,3,5,7838,"0,017","0,000","0,001","0,018"
post_38,https://www.tiktok.com/@rfdahhr_/video/7555236720308981000?is_from_webapp=1&sender_device=pc&web_id=7566303296538215956,29/09/2025,rfdahh_,26.800,Micro,Not Endorse,918,12,28,23800,"0,039","0,001","0,001","0,040"
post_39,https://www.tiktok.com/@rfdahhr_/video/7554227237088726279?is_from_webapp=1&sender_device=pc&web_id=7566303296538215956,26/09/2025,rfdahh_,26.800,Micro,Endorse,31,2,2,6165,"0,005","0,000","0,000","0,006"
post_40,https://www.tiktok.com/@rfdahhr_/video/7551008202930818312?is_from_webapp=1&sender_device=pc&web_id=7566303296538215956,17/09/2025,rfdahh_,26.800,Micro,Not Endorse,42800,99,4529,902200,"0,047","0,000","0,005","0,053"
post_41,https://vt.tiktok.com/ZSydxcbJ5/,16/09/2025,rfdahh_,26.800,Micro,Endorse,85,4,7,12500,"0,007","0,000","0,001","0,008"
post_42,https://vt.tiktok.com/ZSydQFmbp/,10/09/2025,rfdahh_,26.800,Micro,Endorse,810,59,70,249800,"0,003","0,000","0,000","0,004"
post_43,https://www.tiktok.com/@widianurdd/video/7554348351819664696?is_from_webapp=1&sender_device=pc,26/09/2025,widianurdd,210.500,Midi,Endorse,20900,237,643,439200,"0,048","0,001","0,001","0,050"
post_44,https://www.tiktok.com/@widianurdd/video/7559072327976242443?is_from_webapp=1&sender_device=pc,09/10/2025,widianurdd,210.500,Midi,Endorse,15100,161,493,256300,"0,059","0,001","0,002","0,061"
post_45,https://vt.tiktok.com/ZSydQ9UY8/,12/10/2025,widianurdd,210.500,Midi,Not Endorse,77600,1759,3824,948100,"0,082","0,002","0,004","0,088"
post_46,https://www.tiktok.com/@widianurdd/video/7525715103606525240?is_from_webapp=1&sender_device=pc,11/07/2025,widianurdd,210.500,Midi,Endorse,5407,59,277,337700,"0,016","0,000","0,001","0,017"
post_47,https://www.tiktok.com/@widianurdd/video/7558136809830518027?is_from_webapp=1&sender_device=pc&web_id=7566303296538215956,06/10/2025,widianurdd,210.500,Midi,Not Endorse,104900,299,4938,1600000,"0,066","0,000","0,003","0,069"
post_48,https://www.tiktok.com/@widianurdd/video/7541260411761364230?is_from_webapp=1&sender_device=pc&web_id=7566303296538215956,22/08/2025,widianurdd,210.500,Midi,Not Endorse,238800,1155,13200,4100000,"0,058","0,000","0,003","0,062"
post_49,https://vt.tiktok.com/ZSydCJqWT/,08/10/2025,_restiindahhh,747.100,Macro,Endorse,291700,8545,11400,8700000,"0,034","0,001","0,001","0,036"
post_50,https://vt.tiktok.com/ZSydCJSF7/,28/09/2025,_restiindahhh,747.100,Macro,Endorse,34700,859,948,3000000,"0,012","0,000","0,000","0,012"
post_51,https://vt.tiktok.com/ZSydQTqF5/,25/09/2025,_restiindahhh,747.100,Macro,Endorse,9475,466,246,1600000,"0,006","0,000","0,000","0,006"
post_52,https://www.tiktok.com/@_restiindahhh/video/7562923917917113620?is_from_webapp=1&sender_device=pc&web_id=7566303296538215956,19/10/2025,_restiindahhh,747.100,Macro,Not Endorse,276800,1749,2842,3700000,"0,075","0,000","0,001","0,076"
post_53,https://www.tiktok.com/@_restiindahhh/video/7562090114076232980?is_from_webapp=1&sender_device=pc&web_id=7566303296538215956,17/10/2025,_restiindahhh,747.100,Macro,Not Endorse,225000,1500,1466,3400000,"0,066","0,000","0,000","0,067"
post_54,https://www.tiktok.com/@_restiindahhh/video/7558446634267446540?is_from_webapp=1&sender_device=pc&web_id=7566303296538215956,07/10/2025,_restiindahhh,747.100,Macro,Not Endorse,416200,5815,9931,7800000,"0,053","0,001","0,001","0,055"
post_55,https://vt.tiktok.com/ZSydX1mFr/,05/09/2025,slsbiila1,5.900.000.000,Mega,Endorse,39200,356,427,865200,"0,045","0,000","0,000","0,046"
post_56,https://vt.tiktok.com/ZSydCKe3E/,07/09/2025,slsbiila2,5.900.000.000,Mega,Not Endorse,15600,330,216,422300,"0,037","0,001","0,001","0,038"
post_57,https://vt.tiktok.com/ZSydCnX11/,07/10/2025,slsbiila3,5.900.000.000,Mega,Endorse,550800,1947,5708,11400000,"0,048","0,000","0,001","0,049"
post_58,https://www.tiktok.com/@slsbiila1/video/7556561956988144908?is_from_webapp=1&sender_device=pc&web_id=7566303296538215956,02/10/2025,slsbiila2,5.900.000.000,Mega,Not Endorse,297400,6708,4314,8700000,"0,034","0,001","0,000","0,035"
post_59,https://www.tiktok.com/@slsbiila1/video/7553948891574455560?is_from_webapp=1&sender_device=pc&web_id=7566303296538215956,25/09/2025,slsbiila2,5.900.000.000,Mega,Not Endorse,35500,523,427,736100,"0,048","0,001","0,001","0,050"
post_60,https://vt.tiktok.com/ZSydCKEUX/,26/09/2025,slsbiila6,5.900.000.000,Mega,Endorse,77500,679,842,2100000,"0,037","0,000","0,000","0,038"
post_61,https://www.tiktok.com/@jihannnms/video/7555441538738834744?is_from_webapp=1&sender_device=pc&web_id=7566303296538215956,29/09/2025,jihannnms,2.544,Nano,Not Endorse,58,17,0,559,"0,104","0,030","0,000","0,134"
post_62,https://www.tiktok.com/@jihannnms/video/7552520884536249611?is_from_webapp=1&sender_device=pc&web_id=7566303296538215956,21/09/2025,jihannnms,2.544,Nano,Endorse,57,28,7,471,"0,121","0,059","0,015","0,195"
post_63,https://www.tiktok.com/@jihannnms/video/7551795534122569016?is_from_webapp=1&sender_device=pc&web_id=7566303296538215956,19/09/2025,jihannnms,2.544,Nano,Endorse,36,14,1,1923,"0,019","0,007","0,001","0,027"
post_64,https://www.tiktok.com/@jihannnms/video/7551397043952979212?is_from_webapp=1&sender_device=pc&web_id=7566303296538215956,18/09/2025,jihannnms,2.544,Nano,Not Endorse,79,19,0,647,"0,122","0,029","0,000","0,151"
post_65,https://www.tiktok.com/@jihannnms/video/7551312598763916600?is_from_webapp=1&sender_device=pc&web_id=7566303296538215956,18/09/2025,jihannnms,2.544,Nano,Endorse,46,24,9,5912,"0,008","0,004","0,002","0,013"
post_66,https://www.tiktok.com/@jihannnms/video/7550935661789072696?is_from_webapp=1&sender_device=pc&web_id=7566303296538215956,17/09/2025,jihannnms,2.544,Nano,Not Endorse,55,9,1,510,"0,108","0,018","0,002","0,127"
post_67,https://vt.tiktok.com/ZSy8xyLmU/,30/09/2025,nris9,23.700,Micro,Endorse,4,0,1,230,"0,017","0,000","0,004","0,022"
post_68,https://vt.tiktok.com/ZSy8xpxXP/,27/09/2025,nris9,23.700,Micro,Endorse,25,6,2,1580,"0,016","0,004","0,001","0,021"
post_69,https://vt.tiktok.com/ZSy8xVHdW/,21/09/2025,nris9,23.700,Micro,Not Endorse,16,0,2,352,"0,045","0,000","0,006","0,051"
post_70,https://vt.tiktok.com/ZSy8xnmt6/,14/09/2025,nris9,23.700,Micro,Endorse,8,0,3,338,"0,024","0,000","0,009","0,033"
post_71,https://vt.tiktok.com/ZSy8QeRBG/,09/09/2025,nris9,23.700,Micro,Not Endorse,14,2,2,279,"0,050","0,007","0,007","0,065"
post_72,https://vt.tiktok.com/ZSy8QjJ7C/,05/09/2025,nris9,23.700,Micro,Not Endorse,20,0,1,411,"0,049","0,000","0,002","0,051"
post_73,https://vt.tiktok.com/ZSy8QuUWS/,20/10/2025,pastperfectense,475.600,Midi,Not Endorse,27300,83,432,186900,"0,146","0,000","0,002","0,149"
post_74,https://www.tiktok.com/@pastperfectense/photo/7560964553765342480?is_from_webapp=1&sender_device=pc&web_id=7562970971139180052,14/10/2025,pastperfectense,475.600,Midi,Not Endorse,169300,445,2670,1300000,"0,130","0,000","0,002","0,133"
post_75,https://vt.tiktok.com/ZSy8Qofhn/,02/10/2025,pastperfectense,475.600,Midi,Not Endorse,37200,99,365,466000,"0,080","0,000","0,001","0,081"
post_76,https://vt.tiktok.com/ZSy8C59K3/,29/09/2025,pastperfectense,475.600,Midi,Endorse,18500,106,179,374000,"0,049","0,000","0,000","0,050"
post_77,https://vt.tiktok.com/ZSy8CHaEN/,12/09/2025,pastperfectense,475.600,Midi,Endorse,13200,85,225,331400,"0,040","0,000","0,001","0,041"
post_78,https://vt.tiktok.com/ZSy8XJaJH/,30/08/2025,pastperfectense,475.600,Midi,Endorse,12100,81,131,362700,"0,033","0,000","0,000","0,034"
post_79,https://vt.tiktok.com/ZSy8C4t93/,07/10/2025,vaniaapriscil,628.600,Macro,Endorse,1100000,1451,14300,16900000,"0,065","0,000","0,001","0,066"
post_80,https://vt.tiktok.com/ZSy8XJujk/,06/10/2025,vaniaapriscil,628.600,Macro,Not Endorse,18600,168,109,361500,"0,051","0,000","0,000","0,052"
post_81,https://vt.tiktok.com/ZSy8XmfjF/,26/09/2025,vaniaapriscil,628.600,Macro,Endorse,882300,5263,8638,14700000,"0,060","0,000","0,001","0,061"
post_82,https://vt.tiktok.com/ZSy8XBGTe/,22/09/2025,vaniaapriscil,628.600,Macro,Not Endorse,76500,735,1010,2100000,"0,036","0,000","0,000","0,037"
post_83,https://vt.tiktok.com/ZSy8XyhwS/,19/10/2025,vaniaapriscil,628.600,Macro,Endorse,34300,161,201,321600,"0,107","0,001","0,001","0,108"
post_84,https://vt.tiktok.com/ZSy8XNnr3/,15/10/2025,vaniaapriscil,628.600,Macro,Not Endorse,37600,131,381,467300,"0,080","0,000","0,001","0,082"
post_85,https://vt.tiktok.com/ZSy8pYyuV/,04/10/2025,syifahadjuuuuuuu,5.600.000.000,Mega,Not Endorse,1700000,12200,50600,14300000,"0,119","0,001","0,004","0,123"
post_86,https://vt.tiktok.com/ZSy8pMTGq/,25/08/2025,syifahadjuuuuuuu,5.600.000.000,Mega,Endorse,29800,518,304,1400000,"0,021","0,000","0,000","0,022"
post_87,https://vt.tiktok.com/ZSy8pKS6T/,20/08/2025,syifahadjuuuuuuu,5.600.000.000,Mega,Not Endorse,700900,3021,8459,10700000,"0,066","0,000","0,001","0,067"
post_88,https://vt.tiktok.com/ZSy8s2oN7/,04/08/2025,syifahadjuuuuuuu,5.600.000.000,Mega,Endorse,235200,1045,3844,6000000,"0,039","0,000","0,001","0,040"
post_89,https://vt.tiktok.com/ZSy8sMn3N/,15/07/2025,syifahadjuuuuuuu,5.600.000.000,Mega,Endorse,94400,875,752,3100000,"0,030","0,000","0,000","0,031"
post_90,https://vt.tiktok.com/ZSy8sM5KW/,05/10/2025,syifahadjuuuuuuu,5.600.000.000,Mega,Not Endorse,270100,3846,5185,3500000,"0,077","0,001","0,001","0,080"
post_91,https://vt.tiktok.com/ZSy8G19T4/,14/10/2025,azzahraargta_,9.652,Nano,Endorse,2498,59,175,325700,"0,008","0,000","0,001","0,008"
post_92,https://vt.tiktok.com/ZSy8G1PXc/,09/10/2025,azzahraargta_,9.652,Nano,Endorse,39,16,5,2847,"0,014","0,006","0,002","0,021"
post_93,https://vt.tiktok.com/ZSy8GN5vh/,07/10/2025,azzahraargta_,9.652,Nano,Endorse,52,24,10,1893,"0,027","0,013","0,005","0,045"
post_94,https://vt.tiktok.com/ZSy8GRnpu/,16/09/2025,azzahraargta_,9.652,Nano,Not Endorse,77,17,3,1567,"0,049","0,011","0,002","0,062"
post_95,https://vt.tiktok.com/ZSy8sKwVe/,16/09/2025,azzahraargta_,9.652,Nano,Not Endorse,51,13,2,1138,"0,045","0,011","0,002","0,058"
post_96,https://vt.tiktok.com/ZSy8GPLnA/,13/09/2025,azzahraargta_,9.652,Nano,Not Endorse,89,17,3,1341,"0,066","0,013","0,002","0,081"
post_97,https://vt.tiktok.com/ZSy8t4rMt/,18/10/2025,ara.dailys,46.900,Micro,Not Endorse,106,33,10,1904,"0,056","0,017","0,005","0,078"
post_98,https://vt.tiktok.com/ZSy8t4N7W/,14/10/2025,ara.dailys,46.900,Micro,Endorse,85,37,6,3896,"0,022","0,009","0,002","0,033"
post_99,https://vt.tiktok.com/ZSy8tnpS7/,14/10/2025,ara.dailys,46.900,Micro,Not Endorse,14700,310,655,127300,"0,115","0,002","0,005","0,123"
post_100,https://vt.tiktok.com/ZSy8tT8Vh/,10/10/2025,ara.dailys,46.900,Micro,Endorse,57,32,5,1680,"0,034","0,019","0,003","0,056"
post_101,https://vt.tiktok.com/ZSy8nNApE/,08/10/2025,ara.dailys,46.900,Micro,Not Endorse,111,36,12,2154,"0,052","0,017","0,006","0,074"
post_102,https://vt.tiktok.com/ZSy8tWB5o/,26/09/2025,ara.dailys,46.900,Micro,Endorse,126,61,22,11800,"0,011","0,005","0,002","0,018"
post_103,https://vt.tiktok.com/ZSy8W8yA2/,26/05/2025,ayurahardiaaan,464.500,Midi,Endorse,33100,523,1123,7100000,"0,005","0,000","0,000","0,005"
post_104,https://vt.tiktok.com/ZSy8WY3qW/,28/05/2025,ayurahardiaaan,464.500,Midi,Endorse,31300,568,1473,10400000,"0,003","0,000","0,000","0,003"
post_105,https://vt.tiktok.com/ZSy8n3FmR/,14/08/2025,ayurahardiaaan,464.500,Midi,Endorse,12000,113,917,1200000,"0,010","0,000","0,001","0,011"
post_106,https://vt.tiktok.com/ZSy8W1FhK/,07/10/2025,ayurahardiaaan,464.500,Midi,Not Endorse,263,8,48,18000,"0,015","0,000","0,003","0,018"
post_107,https://vt.tiktok.com/ZSy8WNT8s/,18/07/2025,ayurahardiaaan,464.500,Midi,Not Endorse,128,12,57,47400,"0,003","0,000","0,001","0,004"
post_108,https://vt.tiktok.com/ZSy8W6x5H/,18/06/2025,ayurahardiaaan,464.500,Midi,Not Endorse,54,1,12,4723,"0,011","0,000","0,003","0,014"
post_109,https://vt.tiktok.com/ZSy83Pt3a/,13/10/2025,alleeyash,941.100,Macro,Not Endorse,27100,102,1004,217600,"0,125","0,000","0,005","0,130"
post_110,https://vt.tiktok.com/ZSy83kpHD/,04/10/2025,alleeyash,941.100,Macro,Not Endorse,11200,52,654,79500,"0,141","0,001","0,008","0,150"
post_111,https://vt.tiktok.com/ZSy83STeC/,04/10/2025,alleeyash,941.100,Macro,Not Endorse,22200,69,1292,150000,"0,148","0,000","0,009","0,157"
post_112,https://vt.tiktok.com/ZSy83rqMY/,30/09/2025,alleeyash,941.100,Macro,Endorse,2007,38,49,47600,"0,042","0,001","0,001","0,044"
post_113,https://vt.tiktok.com/ZSy839y7s/,30/09/2025,alleeyash,941.100,Macro,Endorse,1194,12,37,38300,"0,031","0,000","0,001","0,032"
post_114,https://vt.tiktok.com/ZSy835Rhf/,29/09/2025,alleeyash,941.100,Macro,Endorse,7658,45,153,170800,"0,045","0,000","0,001","0,046"
post_115,https://vt.tiktok.com/ZSy8TrMas/,20/10/2025,ratuauliaa22,16.200.000.000,Mega,Endorse,61100,590,384,1400000,"0,044","0,000","0,000","0,044"
post_116,https://vt.tiktok.com/ZSy8T9dB9/,18/10/2025,ratuauliaa22,16.200.000.000,Mega,Not Endorse,296600,2631,2454,4200000,"0,071","0,001","0,001","0,072"
post_117,https://vt.tiktok.com/ZSy8Tu6e7/,16/10/2025,ratuauliaa22,16.200.000.000,Mega,Endorse,207700,1843,1383,4500000,"0,046","0,000","0,000","0,047"
post_118,https://vt.tiktok.com/ZSy8TFW7M/,12/10/2025,ratuauliaa22,16.200.000.000,Mega,Not Endorse,873200,3962,10500,12500000,"0,070","0,000","0,001","0,071"
post_119,https://vt.tiktok.com/ZSy8T7QRh/,11/10/2025,ratuauliaa22,16.200.000.000,Mega,Endorse,186500,2924,2550,7500000,"0,025","0,000","0,000","0,026"
post_120,https://vt.tiktok.com/ZSy8TWVtU/,08/10/2025,ratuauliaa22,16.200.000.000,Mega,Not Endorse,125400,1178,1242,5400000,"0,023","0,000","0,000","0,024"
post_121,https://vt.tiktok.com/ZSyN8exf1/,08/07/2025,saturnslovv,4.869,Nano,Endorse,12300,386,1704,1000000,"0,012","0,000","0,002","0,014"
post_122,https://vt.tiktok.com/ZSyNRWb9c/,14/10/2025,saturnslovv,4.869,Nano,Endorse,39,1,6,14200,"0,003","0,000","0,000","0,003"
post_123,https://vt.tiktok.com/ZSyNRTctd/,08/10/2025,saturnslovv,4.869,Nano,Not Endorse,80,5,6,1290,"0,062","0,004","0,005","0,071"
post_124,https://vt.tiktok.com/ZSyN8cCVa/,02/10/2025,saturnslovv,4.869,Nano,Not Endorse,53,1,4,907,"0,058","0,001","0,004","0,064"
post_125,https://vt.tiktok.com/ZSyN8tCBG/,08/10/2025,saturnslovv,4.869,Nano,Endorse,26,0,2,1129,"0,023","0,000","0,002","0,025"
post_126,https://vt.tiktok.com/ZSyN8WA63/,21/09/2025,saturnslovv,4.869,Nano,Not Endorse,81,0,4,1400,"0,058","0,000","0,003","0,061"
post_127,https://vt.tiktok.com/ZSyNLHCoc/,17/10/2025,jinggouhi,34.200,Micro,Not Endorse,89700,192,4040,622100,"0,144","0,000","0,006","0,151"
post_128,https://vt.tiktok.com/ZSyNLYDnw/,16/10/2025,jinggouhi,34.200,Micro,Not Endorse,1097,8,76,34700,"0,032","0,000","0,002","0,034"
post_129,https://vt.tiktok.com/ZSyNLbUvm/,16/10/2025,jinggouhi,34.200,Micro,Not Endorse,15000,59,738,80000,"0,188","0,001","0,009","0,197"
post_130,https://vt.tiktok.com/ZSyNLpPtc/,15/10/2025,jinggouhi,34.200,Micro,Endorse,1929,52,67,264500,"0,007","0,000","0,000","0,008"
post_131,https://vt.tiktok.com/ZSyNLgc42/,24/09/2025,jinggouhi,34.200,Micro,Endorse,540,5,21,21700,"0,025","0,000","0,001","0,026"
post_132,https://vt.tiktok.com/ZSyNLvTDN/,18/09/2025,jinggouhi,34.200,Micro,Endorse,454,7,54,20700,"0,022","0,000","0,003","0,025"
post_133,https://vt.tiktok.com/ZSyNNAKGc/,12/10/2025,prisca.paramitha,393.100,Midi,Not Endorse,76700,424,10000,554500,"0,138","0,001","0,018","0,157"
post_134,https://vt.tiktok.com/ZSyNNbGGD/,02/10/2025,prisca.paramitha,393.100,Midi,Not Endorse,41500,276,2009,361300,"0,115","0,001","0,006","0,121"
post_135,https://vt.tiktok.com/ZSyNNXBoX/,25/09/2025,prisca.paramitha,393.100,Midi,Endorse,1958,13,77,50600,"0,039","0,000","0,002","0,040"
post_136,https://vt.tiktok.com/ZSyNNtvuf/,19/09/2025,prisca.paramitha,393.100,Midi,Endorse,533,10,82,39000,"0,014","0,000","0,002","0,016"
post_137,https://vt.tiktok.com/ZSyNNvNas/,16/09/2025,prisca.paramitha,393.100,Midi,Not Endorse,106400,290,10800,881600,"0,121","0,000","0,012","0,133"
post_138,https://vt.tiktok.com/ZSyNNoXkG/,02/09/2025,prisca.paramitha,393.100,Midi,Endorse,477,6,28,22800,"0,021","0,000","0,001","0,022"
post_139,https://vt.tiktok.com/ZSyNFrfFv/,14/10/2025,babynox_,612.100,Macro,Not Endorse,300,11,14,13000,"0,023","0,001","0,001","0,025"
post_140,https://vt.tiktok.com/ZSyNFbDEk/,21/09/2025,babynox_,612.100,Macro,Endorse,5144,32,771,190100,"0,027","0,000","0,004","0,031"
post_141,https://vt.tiktok.com/ZSyNF45ng/,15/09/2025,babynox_,612.100,Macro,Not Endorse,120,8,13,5203,"0,023","0,002","0,002","0,027"
post_142,https://vt.tiktok.com/ZSyNFGpnB/,14/09/2025,babynox_,612.100,Macro,Endorse,37,2,1,3048,"0,012","0,001","0,000","0,013"
post_143,https://vt.tiktok.com/ZSyNFfcSP/,11/09/2025,babynox_,612.100,Macro,Endorse,75,2,3,3884,"0,019","0,001","0,001","0,021"
post_144,https://vt.tiktok.com/ZSyNFyoBp/,09/09/2025,babynox_,612.100,Macro,Not Endorse,194,3,5,4919,"0,039","0,001","0,001","0,041"
post_145,https://vt.tiktok.com/ZSyNYk5qV/,19/10/2025,clariceecutie,1.300.000.000,Mega,Not Endorse,46000,34,178,440000,"0,105","0,000","0,000","0,105"
post_146,https://www.tiktok.com/@clariceecutie/video/7562417354831957266?is_from_webapp=1&sender_device=pc&web_id=7562970971139180052,18/10/2025,clariceecutie,1.300.000.000,Mega,Endorse,12900,24,38,512300,"0,025","0,000","0,000","0,025"
post_147,https://vt.tiktok.com/ZSyNYeQrV/,18/10/2025,clariceecutie,1.300.000.000,Mega,Not Endorse,104900,143,282,1100000,"0,095","0,000","0,000","0,096"
post_148,https://vt.tiktok.com/ZSyNYhoWG/,17/10/2025,clariceecutie,1.300.000.000,Mega,Not Endorse,200200,335,1545,1100000,"0,182","0,000","0,001","0,184"
post_149,https://vt.tiktok.com/ZSyNYDchA/,30/09/2025,clariceecutie,1.300.000.000,Mega,Endorse,6678,13,34,252900,"0,026","0,000","0,000","0,027"
post_150,https://vt.tiktok.com/ZSyNYHFd9/,23/09/2025,clariceecutie,1.300.000.000,Mega,Endorse,1335,12,24,307500,"0,004","0,000","0,000","0,004"
post_151,https://vt.tiktok.com/ZSyN7b2Do/,18/10/2025,kasbinaaa,4.473,Nano,Not Endorse,136,0,17,3629,"0,037","0,000","0,005","0,042"
post_152,https://vt.tiktok.com/ZSyNvrp1P/,29/09/2025,kasbinaaa,4.473,Nano,Endorse,11,0,1,479,"0,023","0,000","0,002","0,025"
post_153,https://vt.tiktok.com/ZSyN7oeXM/,26/09/2025,kasbinaaa,4.473,Nano,Not Endorse,40,6,3,952,"0,042","0,006","0,003","0,051"
post_154,https://vt.tiktok.com/ZSyN7E7MJ/,25/09/2025,kasbinaaa,4.473,Nano,Not Endorse,60,4,13,1068,"0,056","0,004","0,012","0,072"
post_155,https://vt.tiktok.com/ZSyNvYFaj/,23/09/2025,kasbinaaa,4.473,Nano,Endorse,11,0,1,405,"0,027","0,000","0,002","0,030"
post_156,https://vt.tiktok.com/ZSyN7ouF7/,20/09/2025,kasbinaaa,4.473,Nano,Endorse,12,0,4,3454,"0,003","0,000","0,001","0,005"
post_157,https://vt.tiktok.com/ZSyNvbJat/,20/10/2025,vintageaestheva,20.500,Micro,Not Endorse,69,4,2,2272,"0,030","0,002","0,001","0,033"
post_158,https://vt.tiktok.com/ZSyNvQ8w2/,16/10/2025,vintageaestheva,20.500,Micro,Not Endorse,1563,14,75,43900,"0,036","0,000","0,002","0,038"
post_159,https://vt.tiktok.com/ZSyNvsRX2/,06/10/2025,vintageaestheva,20.500,Micro,Not Endorse,2631,44,64,149100,"0,018","0,000","0,000","0,018"
post_160,https://vt.tiktok.com/ZSyNv4xB9/,22/09/2025,vintageaestheva,20.500,Micro,Endorse,12,3,1,1602,"0,007","0,002","0,001","0,010"
post_161,https://vt.tiktok.com/ZSyNvuaFd/,15/09/2025,vintageaestheva,20.500,Micro,Endorse,22,8,3,2282,"0,010","0,004","0,001","0,014"
post_162,https://vt.tiktok.com/ZSyNcjNmc/,12/09/2025,vintageaestheva,20.500,Micro,Endorse,47,8,3,6039,"0,008","0,001","0,000","0,010"
post_163,https://vt.tiktok.com/ZSyNc6bsE/,20/10/2025,only.one.yisty,438.700,Midi,Endorse,591,15,13,19000,"0,031","0,001","0,001","0,033"
post_164,https://vt.tiktok.com/ZSyNcNJqx/,17/10/2025,only.one.yisty,438.700,Midi,Endorse,13000,73,234,245600,"0,053","0,000","0,001","0,054"
post_165,https://vt.tiktok.com/ZSyNckbfT/,10/10/2025,only.one.yisty,438.700,Midi,Not Endorse,357,8,8,9356,"0,038","0,001","0,001","0,040"
post_166,https://vt.tiktok.com/ZSyNcATm5/,09/10/2025,only.one.yisty,438.700,Midi,Not Endorse,5384,22,116,75200,"0,072","0,000","0,002","0,073"
post_167,https://vt.tiktok.com/ZSyNc5mSy/,27/09/2025,only.one.yisty,438.700,Midi,Not Endorse,5648,59,181,88600,"0,064","0,001","0,002","0,066"
post_168,https://vt.tiktok.com/ZSyNcCYhA/,20/09/2025,only.one.yisty,438.700,Midi,Endorse,892,21,31,29500,"0,030","0,001","0,001","0,032"
post_169,https://vt.tiktok.com/ZSyN3gPky/,17/10/2025,erennnnjuslim,808.500,Macro,Not Endorse,22500,70,2422,184300,"0,122","0,000","0,013","0,136"
post_170,https://vt.tiktok.com/ZSyNT8bAP/,16/10/2025,erennnnjuslim,808.500,Macro,Not Endorse,55300,80,1179,549700,"0,101","0,000","0,002","0,103"
post_171,https://vt.tiktok.com/ZSyNTrBJM/,14/10/2025,erennnnjuslim,808.500,Macro,Endorse,16900,30,83,68000,"0,249","0,000","0,001","0,250"
post_172,https://vt.tiktok.com/ZSyNT6HfM/,13/10/2025,erennnnjuslim,808.500,Macro,Not Endorse,71900,61,1362,1300000,"0,055","0,000","0,001","0,056"
post_173,https://vt.tiktok.com/ZSyNTVqQS/,11/09/2025,erennnnjuslim,808.500,Macro,Endorse,24000,13,108,76700,"0,313","0,000","0,001","0,314"
post_174,https://vt.tiktok.com/ZSyNTCrtD/,22/08/2025,erennnnjuslim,808.500,Macro,Endorse,11700,7,50,49100,"0,238","0,000","0,001","0,239"
post_175,https://vt.tiktok.com/ZSyNwjrGn/,16/10/2025,dictionarei,8.100.000.000,Mega,Endorse,49100,348,610,1300000,"0,038","0,000","0,000","0,039"
post_176,https://vt.tiktok.com/ZSyNwV9jN/,10/10/2025,dictionarei,8.100.000.000,Mega,Not Endorse,179500,1459,1709,3500000,"0,051","0,000","0,000","0,052"
post_177,https://vt.tiktok.com/ZSyNw3bgn/,08/10/2025,dictionarei,8.100.000.000,Mega,Not Endorse,605600,1780,3426,6900000,"0,088","0,000","0,000","0,089"
post_178,https://vt.tiktok.com/ZSyNwcG5h/,02/10/2025,dictionarei,8.100.000.000,Mega,Not Endorse,361600,1599,2920,5300000,"0,068","0,000","0,001","0,069"
post_179,https://vt.tiktok.com/ZSyNw9Y24/,25/09/2025,dictionarei,8.100.000.000,Mega,Endorse,164800,1015,1608,7300000,"0,023","0,000","0,000","0,023"
post_180,https://vt.tiktok.com/ZSyNwaTAa/,18/09/2025,dictionarei,8.100.000.000,Mega,Endorse,12700,249,184,491100,"0,026","0,001","0,000","0,027"
post_181,https://vt.tiktok.com/ZSyFMrBL7/,12/10/2025,naila.zhwa,3.597,Nano,Endorse,75,5,24,14600,"0,005","0,000","0,002","0,007"
post_182,https://vt.tiktok.com/ZSyFMFtrC/,14/10/2025,naila.zhwa,3.597,Nano,Not Endorse,32,3,1,688,"0,047","0,004","0,001","0,052"
post_183,https://vt.tiktok.com/ZSyFMh3NU/,22/09/2025,naila.zhwa,3.597,Nano,Not Endorse,92,2,3,3143,"0,029","0,001","0,001","0,031"
post_184,https://vt.tiktok.com/ZSyFMxnTT/,13/09/2025,naila.zhwa,3.597,Nano,Not Endorse,869,2,20,13300,"0,065","0,000","0,002","0,067"
post_185,https://vt.tiktok.com/ZSyFMX3FS/,11/09/2025,naila.zhwa,3.597,Nano,Endorse,14,0,2,1082,"0,013","0,000","0,002","0,015"
post_186,https://vt.tiktok.com/ZSyFMt4WR/,04/09/2025,naila.zhwa,3.597,Nano,Endorse,42,2,11,4938,"0,009","0,000","0,002","0,011"
post_187,https://vt.tiktok.com/ZSyFrkTQQ/,03/10/2025,chinesebish,46.200,Micro,Endorse,63,1,2,14400,"0,004","0,000","0,000","0,005"
post_188,https://vt.tiktok.com/ZSyFMKLM5/,30/09/2025,chinesebish,46.200,Micro,Endorse,79,0,4,4466,"0,018","0,000","0,001","0,019"
post_189,https://vt.tiktok.com/ZSyFrSD9Y/,25/09/2025,chinesebish,46.200,Micro,Not Endorse,49,0,1,4498,"0,011","0,000","0,000","0,011"
post_190,https://vt.tiktok.com/ZSyFr2b6Y/,24/09/2025,chinesebish,46.200,Micro,Not Endorse,69,2,4,2457,"0,028","0,001","0,002","0,031"
post_191,https://vt.tiktok.com/ZSyFMoTcn/,21/09/2025,chinesebish,46.200,Micro,Endorse,73,1,3,2751,"0,027","0,000","0,001","0,028"
post_192,https://vt.tiktok.com/ZSyFhRNog/,01/09/2025,chinesebish,46.200,Micro,Not Endorse,71,10,11,2794,"0,025","0,004","0,004","0,033"
post_193,https://vt.tiktok.com/ZSyFhapmY/,16/10/2025,elsaset,420.200,Midi,Not Endorse,99,19,18,4094,"0,024","0,005","0,004","0,033"
post_194,https://vt.tiktok.com/ZSyFhoxTK/,14/10/2025,elsaset,420.200,Midi,Endorse,40,23,29,2139,"0,019","0,011","0,014","0,043"
post_195,https://vt.tiktok.com/ZSyFkdqmp/,09/10/2025,elsaset,420.200,Midi,Endorse,125,26,130,17800,"0,007","0,001","0,007","0,016"
post_196,https://vt.tiktok.com/ZSyFkeKCD/,07/10/2025,elsaset,420.200,Midi,Not Endorse,118,29,20,1613,"0,073","0,018","0,012","0,104"
post_197,https://vt.tiktok.com/ZSyFk9jrn/,24/09/2025,elsaset,420.200,Midi,Endorse,93,25,35,28300,"0,003","0,001","0,001","0,005"
post_198,https://vt.tiktok.com/ZSyFkMQ26/,22/09/2025,elsaset,420.200,Midi,Not Endorse,53,41,24,1720,"0,031","0,024","0,014","0,069"
post_199,https://vt.tiktok.com/ZSyFBBJgS/,15/10/2025,fernandofenlee,529.200,Macro,Not Endorse,4516,81,141,24700,"0,183","0,003","0,006","0,192"
post_200,https://vt.tiktok.com/ZSyFBuGMW/,13/10/2025,fernandofenlee,529.200,Macro,Endorse,28100,125,406,266600,"0,105","0,000","0,002","0,107"
post_201,https://vt.tiktok.com/ZSyFSWdyQ/,23/09/2025,fernandofenlee,529.200,Macro,Endorse,14700,60,124,162500,"0,090","0,000","0,001","0,092"
post_202,https://vt.tiktok.com/ZSyFSa9Vn/,19/09/2025,fernandofenlee,529.200,Macro,Not Endorse,39300,134,1067,304300,"0,129","0,000","0,004","0,133"
post_203,https://vt.tiktok.com/ZSyFSw5DN/,15/09/2025,fernandofenlee,529.200,Macro,Endorse,9786,80,79,175800,"0,056","0,000","0,000","0,057"
post_204,https://vt.tiktok.com/ZSyFA87Um/,24/07/2025,fernandofenlee,529.200,Macro,Not Endorse,27400,107,164,138700,"0,198","0,001","0,001","0,200"
post_205,https://vt.tiktok.com/ZSyFALavN/,20/10/2025,imgetlose,3.700.000.000,Mega,Not Endorse,298800,1353,5951,2400000,"0,125","0,001","0,002","0,128"
post_206,https://vt.tiktok.com/ZSyFSoTGC/,16/10/2025,imgetlose,3.700.000.000,Mega,Not Endorse,168300,582,5259,3400000,"0,050","0,000","0,002","0,051"
post_207,https://vt.tiktok.com/ZSyFA5Yhm/,13/10/2025,imgetlose,3.700.000.000,Mega,Not Endorse,326100,829,19500,5600000,"0,058","0,000","0,003","0,062"
post_208,https://vt.tiktok.com/ZSyFD2mWd/,30/09/2025,imgetlose,3.700.000.000,Mega,Endorse,48500,240,304,1500000,"0,032","0,000","0,000","0,033"
post_209,https://vt.tiktok.com/ZSyFDfwQG/,17/09/2025,imgetlose,3.700.000.000,Mega,Endorse,3609,152,45,217500,"0,017","0,001","0,000","0,017"
post_210,https://vt.tiktok.com/ZSyFDu2fD/,29/08/2025,imgetlose,3.700.000.000,Mega,Endorse,4789,154,27,247800,"0,019","0,001","0,000","0,020"
post_211,https://vt.tiktok.com/ZSyFUXbcB/,19/10/2025,emerjencie,9.395,Nano,Not Endorse,22,1,1,538,"0,041","0,002","0,002","0,045"
post_212,https://vt.tiktok.com/ZSyFUxcmA/,07/10/2025,emerjencie,9.395,Nano,Endorse,11,0,3,724,"0,015","0,000","0,004","0,019"
post_213,https://vt.tiktok.com/ZSyFUPsf3/,30/09/2025,emerjencie,9.395,Nano,Endorse,12,9,10,1457,"0,008","0,006","0,007","0,021"
post_214,https://vt.tiktok.com/ZSyFU4V2g/,22/09/2025,emerjencie,9.395,Nano,Endorse,13,3,3,2890,"0,004","0,001","0,001","0,007"
post_215,https://vt.tiktok.com/ZSyFUMSMc/,19/09/2025,emerjencie,9.395,Nano,Not Endorse,50,7,3,1263,"0,040","0,006","0,002","0,048"
post_216,https://vt.tiktok.com/ZSyFU3cEw/,19/10/2025,emerjencie,9.395,Nano,Not Endorse,9,1,2,228,"0,039","0,004","0,009","0,053"
post_217,https://vt.tiktok.com/ZSyFy9hNL/,18/10/2025,oksh.y,50.200,Micro,Not Endorse,24800,140,478,491000,"0,051","0,000","0,001","0,052"
post_218,https://vt.tiktok.com/ZSyFymvpa/,17/10/2025,oksh.y,50.200,Micro,Not Endorse,20000,103,400,492300,"0,041","0,000","0,001","0,042"
post_219,https://vt.tiktok.com/ZSyFymVCX/,14/10/2025,oksh.y,50.200,Micro,Not Endorse,23700,139,362,657600,"0,036","0,000","0,001","0,037"
post_220,https://vt.tiktok.com/ZSyFyS9FN/,14/10/2025,oksh.y,50.200,Micro,Endorse,3843,51,119,348900,"0,011","0,000","0,000","0,012"
post_221,https://vt.tiktok.com/ZSyFfeqWm/,17/09/2025,oksh.y,50.200,Micro,Endorse,2146,18,22,138100,"0,016","0,000","0,000","0,016"
post_222,https://vt.tiktok.com/ZSyFyg9MA/,16/09/2025,oksh.y,50.200,Micro,Endorse,6534,85,97,346400,"0,019","0,000","0,000","0,019"
post_223,https://vt.tiktok.com/ZSyFfjBRB/,17/10/2025,riyanadevinta_,190.500,Midi,Not Endorse,44900,274,2196,493000,"0,091","0,001","0,004","0,096"
post_224,https://vt.tiktok.com/ZSyFfrWR2/,15/10/2025,riyanadevinta_,190.500,Midi,Endorse,317,14,6,24300,"0,013","0,001","0,000","0,014"
post_225,https://vt.tiktok.com/ZSyFfRb4S/,15/10/2025,riyanadevinta_,190.500,Midi,Endorse,346,10,11,17600,"0,020","0,001","0,001","0,021"
post_226,https://vt.tiktok.com/ZSyFfPXWv/,14/10/2025,riyanadevinta_,190.500,Midi,Not Endorse,1325,16,98,23500,"0,056","0,001","0,004","0,061"
post_227,https://vt.tiktok.com/ZSyFfPexm/,13/10/2025,riyanadevinta_,190.500,Midi,Endorse,857,26,20,40300,"0,021","0,001","0,000","0,022"
post_228,https://vt.tiktok.com/ZSyFfLR7L/,13/10/2025,riyanadevinta_,190.500,Midi,Not Endorse,464,7,19,13200,"0,035","0,001","0,001","0,037"
post_229,https://vt.tiktok.com/ZSyFf77K5/,18/10/2025,ungesiomay,551.400,Macro,Not Endorse,11000,62,145,120800,"0,091","0,001","0,001","0,093"
post_230,https://vt.tiktok.com/ZSyFfcyKG/,17/10/2025,ungesiomay,551.400,Macro,Endorse,1293,14,7,36700,"0,035","0,000","0,000","0,036"
post_231,https://vt.tiktok.com/ZSyFfvR6A/,16/10/2025,ungesiomay,551.400,Macro,Not Endorse,71000,393,3105,344200,"0,206","0,001","0,009","0,216"
post_232,https://vt.tiktok.com/ZSyFPjU4d/,15/10/2025,ungesiomay,551.400,Macro,Not Endorse,24200,191,160,171900,"0,141","0,001","0,001","0,143"
post_233,https://vt.tiktok.com/ZSyFPr2CS/,18/09/2025,ungesiomay,551.400,Macro,Endorse,196,7,6,20600,"0,010","0,000","0,000","0,010"
post_234,https://vt.tiktok.com/ZSyFPBJtB/,10/10/2025,ungesiomay,551.400,Macro,Endorse,4808,21,80,81500,"0,059","0,000","0,001","0,060"
post_235,https://vt.tiktok.com/ZSyFPacpS/,14/10/2025,aqeelaaz_,5.200.000.000,Mega,Not Endorse,1700000,17100,27100,11900000,"0,143","0,001","0,002","0,147"
post_236,https://vt.tiktok.com/ZSyF5hw1W/,07/10/2025,aqeelaaz_,5.200.000.000,Mega,Endorse,1500000,7925,27000,16900000,"0,089","0,000","0,002","0,091"
post_237,https://vt.tiktok.com/ZSyF5MqdK/,04/10/2025,aqeelaaz_,5.200.000.000,Mega,Not Endorse,832700,6946,16200,7200000,"0,116","0,001","0,002","0,119"
post_238,https://vt.tiktok.com/ZSyF5YGbB/,25/09/2025,aqeelaaz_,5.200.000.000,Mega,Not Endorse,1500000,3207,20800,13300000,"0,113","0,000","0,002","0,115"
post_239,https://vt.tiktok.com/ZSyF52uF5/,01/10/2025,aqeelaaz_,5.200.000.000,Mega,Endorse,1800000,17700,60800,23300000,"0,077","0,001","0,003","0,081"
post_240,https://vt.tiktok.com/ZSyFaFmEs/,08/09/2025,aqeelaaz_,5.200.000.000,Mega,Endorse,836100,5206,14900,8600000,"0,097","0,001","0,002","0,100"
post_241,https://vt.tiktok.com/ZSyFapDqS/,13/10/2025,dindajlsmn,4.653,Nano,Endorse,117,9,65,20100,"0,006","0,000","0,003","0,010"
post_242,https://vt.tiktok.com/ZSyFa3oGS/,11/10/2025,dindajlsmn,4.653,Nano,Not Endorse,13,0,4,469,"0,028","0,000","0,009","0,036"
post_243,https://vt.tiktok.com/ZSyFmJ4s5/,09/10/2025,dindajlsmn,4.653,Nano,Not Endorse,24,2,2,693,"0,035","0,003","0,003","0,040"
post_244,https://vt.tiktok.com/ZSyFaEHj2/,08/10/2025,dindajlsmn,4.653,Nano,Endorse,7,0,1,261,"0,027","0,000","0,004","0,031"
post_245,https://vt.tiktok.com/ZSyFmHFpV/,06/10/2025,dindajlsmn,4.653,Nano,Not Endorse,55,2,21,566,"0,097","0,004","0,037","0,138"
post_246,https://vt.tiktok.com/ZSyFmkpTM/,02/10/2025,dindajlsmn,4.653,Nano,Endorse,17,0,3,698,"0,024","0,000","0,004","0,029"
post_247,https://vt.tiktok.com/ZSyFuRhHu/,16/10/2025,kembaranbinda,16.900,Micro,Not Endorse,1037,5,56,18200,"0,057","0,000","0,003","0,060"
post_248,https://vt.tiktok.com/ZSyFmW5Ub/,15/10/2025,kembaranbinda,16.900,Micro,Not Endorse,112900,105,5595,990800,"0,114","0,000","0,006","0,120"
post_249,https://vt.tiktok.com/ZSyFuddRE/,14/10/2025,kembaranbinda,16.900,Micro,Not Endorse,52100,52,4443,409500,"0,127","0,000","0,011","0,138"
post_250,https://vt.tiktok.com/ZSyFuNFGN/,07/10/2025,kembaranbinda,16.900,Micro,Endorse,401,5,15,23400,"0,017","0,000","0,001","0,018"
post_251,https://vt.tiktok.com/ZSyFuAD7q/,25/09/2025,kembaranbinda,16.900,Micro,Endorse,310,4,9,16100,"0,019","0,000","0,001","0,020"
post_252,https://vt.tiktok.com/ZSyFu2Wv4/,15/09/2025,kembaranbinda,16.900,Micro,Endorse,838,3,29,23400,"0,036","0,000","0,001","0,037"
post_253,https://vt.tiktok.com/ZSyYQr64x/,16/10/2025,kaylaschaeferr,54.400,Midi,Endorse,33300,255,222,895500,"0,037","0,000","0,000","0,038"
post_254,https://vt.tiktok.com/ZSyYC89Xt/,16/10/2025,kaylaschaeferr,54.400,Midi,Not Endorse,13900,102,73,403400,"0,034","0,000","0,000","0,035"
post_255,https://vt.tiktok.com/ZSyYQgm5m/,07/10/2025,kaylaschaeferr,54.400,Midi,Endorse,297100,1056,8386,9200000,"0,032","0,000","0,001","0,033"
post_256,https://vt.tiktok.com/ZSyYQwymG/,08/10/2025,kaylaschaeferr,54.400,Midi,Not Endorse,12400,157,129,890100,"0,014","0,000","0,000","0,014"
post_257,https://vt.tiktok.com/ZSyYCk6wq/,04/10/2025,kaylaschaeferr,54.400,Midi,Not Endorse,155000,864,1849,2500000,"0,062","0,000","0,001","0,063"
post_258,https://vt.tiktok.com/ZSyYCDtad/,26/09/2025,kaylaschaeferr,54.400,Midi,Endorse,149700,1805,5394,7200000,"0,021","0,000","0,001","0,022"
post_259,https://vt.tiktok.com/ZSyYCTs72/,19/10/2025,salwapooja,624.800,Macro,Not Endorse,34700,257,249,427500,"0,081","0,001","0,001","0,082"
post_260,https://vt.tiktok.com/ZSyYCGHE5/,18/10/2025,salwapooja,624.800,Macro,Endorse,51900,174,220,761000,"0,068","0,000","0,000","0,069"
post_261,https://vt.tiktok.com/ZSyYCcsoX/,17/10/2025,salwapooja,624.800,Macro,Not Endorse,104100,202,2765,1300000,"0,080","0,000","0,002","0,082"
post_262,https://vt.tiktok.com/ZSyYX2bBS/,16/10/2025,salwapooja,624.800,Macro,Not Endorse,274900,985,3511,2600000,"0,106","0,000","0,001","0,107"
post_263,https://vt.tiktok.com/ZSyYXa2C1/,10/10/2025,salwapooja,624.800,Macro,Endorse,14900,168,75,514100,"0,029","0,000","0,000","0,029"
post_264,https://vt.tiktok.com/ZSyYXkAqF/,05/10/2025,salwapooja,624.800,Macro,Endorse,17700,206,102,332000,"0,053","0,001","0,000","0,054"
post_265,https://vt.tiktok.com/ZSyY4smd6/,07/10/2025,itsshaaaxx,2.500.000.000,Mega,Endorse,3107,147,187,511800,"0,006","0,000","0,000","0,007"
post_266,https://vt.tiktok.com/ZSyY4avws/,30/09/2025,itsshaaaxx,2.500.000.000,Mega,Endorse,1207,29,27,15800,"0,076","0,002","0,002","0,080"
post_267,https://vt.tiktok.com/ZSyY4sUme/,26/09/2025,itsshaaaxx,2.500.000.000,Mega,Endorse,218,25,32,24300,"0,009","0,001","0,001","0,011"
post_268,https://vt.tiktok.com/ZSyYV9yDh/,04/07/2025,itsshaaaxx,2.500.000.000,Mega,Not Endorse,1272,16,25,4463,"0,285","0,004","0,006","0,294"
post_269,https://vt.tiktok.com/ZSyYVmyCv/,15/06/2025,itsshaaaxx,2.500.000.000,Mega,Not Endorse,34800,353,753,235900,"0,148","0,001","0,003","0,152"
post_270,https://vt.tiktok.com/ZSyYV4yEd/,17/05/2025,itsshaaaxx,2.500.000.000,Mega,Not Endorse,1167,35,20,215900,"0,005","0,000","0,000","0,006"
post_271,https://vt.tiktok.com/ZSyYqjPkb/,18/10/2025,mi.aaaww,2.665,Nano,Not Endorse,322,51,15,6002,"0,054","0,008","0,002","0,065"
post_272,https://vt.tiktok.com/ZSyYqBkKA/,11/10/2025,mi.aaaww,2.665,Nano,Not Endorse,49,2,1,556,"0,088","0,004","0,002","0,094"
post_273,https://vt.tiktok.com/ZSyYqfaNr/,05/10/2025,mi.aaaww,2.665,Nano,Not Endorse,47,5,1,754,"0,062","0,007","0,001","0,070"
post_274,https://vt.tiktok.com/ZSyYqubyQ/,23/09/2025,mi.aaaww,2.665,Nano,Endorse,50,3,4,5182,"0,010","0,001","0,001","0,011"
post_275,https://vt.tiktok.com/ZSyYqWDaH/,10/09/2025,mi.aaaww,2.665,Nano,Endorse,57,10,15,1935,"0,029","0,005","0,008","0,042"
post_276,https://vt.tiktok.com/ZSyYbRsRr/,08/09/2025,mi.aaaww,2.665,Nano,Endorse,53,8,6,15700,"0,003","0,001","0,000","0,004"
post_277,https://vt.tiktok.com/ZSyYbPTGE/,17/10/2025,ryyeahh,17.200,Micro,Endorse,18,2,4,1761,"0,010","0,001","0,002","0,014"
post_278,https://vt.tiktok.com/ZSyYbmXAj/,26/09/2025,ryyeahh,17.200,Micro,Endorse,36,10,12,2531,"0,014","0,004","0,005","0,023"
post_279,https://vt.tiktok.com/ZSyYbfY2t/,24/09/2025,ryyeahh,17.200,Micro,Endorse,576,19,41,48300,"0,012","0,000","0,001","0,013"
post_280,https://vt.tiktok.com/ZSyYbh6Fd/,27/08/2025,ryyeahh,17.200,Micro,Not Endorse,26700,108,2747,785600,"0,034","0,000","0,003","0,038"
post_281,https://vt.tiktok.com/ZSyYbBhMA/,25/08/2025,ryyeahh,17.200,Micro,Not Endorse,1796,16,134,49000,"0,037","0,000","0,003","0,040"
post_282,https://vt.tiktok.com/ZSyYbqvqc/,23/08/2025,ryyeahh,17.200,Micro,Not Endorse,32,3,1,2027,"0,016","0,001","0,000","0,018"
post_283,https://vt.tiktok.com/ZSyYgFPch/,17/10/2025,anakjahadt,330.300,Midi,Not Endorse,10700,119,1231,116000,"0,092","0,001","0,011","0,104"
post_284,https://vt.tiktok.com/ZSyYgfPoc/,14/10/2025,anakjahadt,330.300,Midi,Not Endorse,61400,238,2606,785200,"0,078","0,000","0,003","0,082"
post_285,https://vt.tiktok.com/ZSyYgpKG2/,10/10/2025,anakjahadt,330.300,Midi,Not Endorse,5493,21,44,21300,"0,258","0,001","0,002","0,261"
post_286,https://vt.tiktok.com/ZSyYgWYhj/,09/10/2025,anakjahadt,330.300,Midi,Endorse,1147,19,100,12300,"0,093","0,002","0,008","0,103"
post_287,https://vt.tiktok.com/ZSyYg7km3/,06/10/2025,anakjahadt,330.300,Midi,Endorse,404,18,20,9715,"0,042","0,002","0,002","0,045"
post_288,https://vt.tiktok.com/ZSyYg7BMP/,03/10/2025,anakjahadt,330.300,Midi,Endorse,5819,21,34,26400,"0,220","0,001","0,001","0,223"
post_289,https://vt.tiktok.com/ZSyYtRhuM/,16/10/2025,jolinnaaa,502.100,Macro,Endorse,134300,480,803,1200000,"0,112","0,000","0,001","0,113"
post_290,https://vt.tiktok.com/ZSyYGW39q/,09/10/2025,jolinnaaa,502.100,Macro,Not Endorse,1100000,1599,32800,9400000,"0,117","0,000","0,003","0,121"
post_291,https://vt.tiktok.com/ZSyYGTjKe/,07/10/2025,jolinnaaa,502.100,Macro,Endorse,1500000,3479,20400,17800000,"0,084","0,000","0,001","0,086"
post_292,https://vt.tiktok.com/ZSyYGcqxK/,30/09/2025,jolinnaaa,502.100,Macro,Not Endorse,482900,1478,10800,2500000,"0,193","0,001","0,004","0,198"
post_293,https://vt.tiktok.com/ZSyYGt3Lr/,28/09/2025,jolinnaaa,502.100,Macro,Endorse,227300,635,2455,3900000,"0,058","0,000","0,001","0,059"
post_294,https://vt.tiktok.com/ZSyYtNmqp/,15/09/2025,jolinnaaa,502.100,Macro,Not Endorse,2200000,4580,46600,16700000,"0,132","0,000","0,003","0,135"
post_295,https://vt.tiktok.com/ZSyYtKkhd/,18/10/2025,cataalcorse,1.100.000.000,Mega,Not Endorse,390000,334,5762,2800000,"0,139","0,000","0,002","0,141"
post_296,https://vt.tiktok.com/ZSyYtbchU/,16/10/2025,cataalcorse,1.100.000.000,Mega,Endorse,153300,358,767,1300000,"0,118","0,000","0,001","0,119"
post_297,https://vt.tiktok.com/ZSyYtGsEX/,14/10/2025,cataalcorse,1.100.000.000,Mega,Not Endorse,97500,324,876,890000,"0,110","0,000","0,001","0,111"
post_298,https://vt.tiktok.com/ZSyYttCW4/,08/10/2025,cataalcorse,1.100.000.000,Mega,Endorse,289800,445,2627,3900000,"0,074","0,000","0,001","0,075"
post_299,https://vt.tiktok.com/ZSyYtTjGd/,01/10/2025,cataalcorse,1.100.000.000,Mega,Not Endorse,648200,1462,4589,4200000,"0,154","0,000","0,001","0,156"
post_300,https://vt.tiktok.com/ZSyYtg4Nq/,26/09/2025,cataalcorse,1.100.000.000,Mega,Endorse,123200,303,775,1600000,"0,077","0,000","0,000","0,078"